Path,Filename
C:/Users/mikeha/Work/Madingley/madingley-ecosystem-model/Madingley/input/ModelStates/,ModelState_NI_0_1176
C:/Users/mikeha/Work/Madingley/madingley-ecosystem-model/Madingley/input/ModelStates/,ModelState_NI_1_1176
C:/Users/mikeha/Work/Madingley/madingley-ecosystem-model/Madingley/input/ModelStates/,ModelState_NI_2_1176
C:/Users/mikeha/Work/Madingley/madingley-ecosystem-model/Madingley/input/ModelStates/,ModelState_NI_3_1176
C:/Users/mikeha/Work/Madingley/madingley-ecosystem-model/Madingley/input/ModelStates/,ModelState_NI_4_1176
C:/Users/mikeha/Work/Madingley/madingley-ecosystem-model/Madingley/input/ModelStates/,ModelState_NI_5_1176
C:/Users/mikeha/Work/Madingley/madingley-ecosystem-model/Madingley/input/ModelStates/,ModelState_NI_6_1176
C:/Users/mikeha/Work/Madingley/madingley-ecosystem-model/Madingley/input/ModelStates/,ModelState_NI_7_1176
C:/Users/mikeha/Work/Madingley/madingley-ecosystem-model/Madingley/input/ModelStates/,ModelState_NI_8_1176
C:/Users/mikeha/Work/Madingley/madingley-ecosystem-model/Madingley/input/ModelStates/,ModelState_NI_9_1176
